"ID","Name","LongName","Parent","Component","Path","Line","Column","EndLine","EndColumn","CC","CCL","CCO","CI","CLC","CLLC","LDC","LLDC","McCC","NL","NLE","NII","NOI","CD","CLOC","DLOC","TCD","TCLOC","LLOC","LOC","NOS","NUMPAR","TLLOC","TLOC","TNOS","WarningBlocker","WarningCritical","WarningInfo","WarningMajor","WarningMinor","Android Rules","Basic Rules","Brace Rules","Clone Metric Rules","Code Size Rules","Complexity Metric Rules","Controversial Rules","Coupling Metric Rules","Design Rules","Documentation Metric Rules","Empty Code Rules","Java Logging Rules","Migration Rules","Naming Rules","Optimization Rules","Security Code Guideline Rules","Size Metric Rules","Strict Exception Rules","String and StringBuffer Rules","Type Resolution Rules","Unnecessary and Unused Code Rules","Vulnerability Rules"
"L146","ApplicationTest()","com.lgvalle.material_animations.ApplicationTest.<init>()V","L137","L103","D:\PR_assignment_src\Material-Animations\app\src\androidTest\java\com\lgvalle\material_animations\ApplicationTest.java","10","5","12","6","0","0","0","0","0","0","0","0","1","0","0","0","0","0","0","0","0","0","3","3","1","0","3","3","1","0","0","2","0","0","0","0","0","0","0","0","0","0","0","2","0","0","0","0","0","0","0","0","0","0","0","0"
"L178","void onCreate(Bundle savedInstanceState)","com.lgvalle.material_animations.AnimationsActivity1.onCreate(Landroid/os/Bundle;)V","L150","L103","D:\PR_assignment_src\Material-Animations\app\src\main\java\com\lgvalle\material_animations\AnimationsActivity1.java","24","5","31","6","0","0","0","0","0","0","0","0","1","0","0","0","4","0","0","0","0","0","8","8","5","1","8","8","5","0","0","2","0","0","0","0","0","0","0","0","0","0","0","2","0","0","0","0","0","0","0","0","0","0","0","0"
"L191","void setupWindowAnimations()","com.lgvalle.material_animations.AnimationsActivity1.setupWindowAnimations()V","L150","L103","D:\PR_assignment_src\Material-Animations\app\src\main\java\com\lgvalle\material_animations\AnimationsActivity1.java","33","5","35","6","0","0","0","0","0","0","0","0","1","0","0","1","0","0","0","0","0","0","3","3","1","0","3","3","1","0","0","2","0","0","0","0","0","0","0","0","0","0","0","2","0","0","0","0","0","0","0","0","0","0","0","0"
"L189","void bindData()","com.lgvalle.material_animations.AnimationsActivity1.bindData()V","L150","L103","D:\PR_assignment_src\Material-Animations\app\src\main\java\com\lgvalle\material_animations\AnimationsActivity1.java","37","5","41","6","0","0","0","0","0","0","0","0","1","0","0","1","0","0","0","0","0","0","5","5","3","0","5","5","3","0","0","2","0","0","0","0","0","0","0","0","0","0","0","2","0","0","0","0","0","0","0","0","0","0","0","0"
"L193","void setupLayout()","com.lgvalle.material_animations.AnimationsActivity1.setupLayout()V","L150","L103","D:\PR_assignment_src\Material-Animations\app\src\main\java\com\lgvalle\material_animations\AnimationsActivity1.java","43","5","67","6","0","0","0","0","0","0","0","0","1","0","0","1","0","0","0","0","0","0","10","11","5","0","24","25","10","0","0","17","0","0","0","0","0","0","0","0","0","0","0","17","0","0","0","0","0","0","0","0","0","0","0","0"
"L220","void changeLayout()","com.lgvalle.material_animations.AnimationsActivity1.changeLayout()V","L150","L103","D:\PR_assignment_src\Material-Animations\app\src\main\java\com\lgvalle\material_animations\AnimationsActivity1.java","69","5","81","6","0","0","0","0","0","0","0","0","2","1","1","1","0","0","0","0","0","0","12","13","8","0","12","13","8","0","0","2","0","0","0","0","0","0","0","0","0","0","0","2","0","0","0","0","0","0","0","0","0","0","0","0"
"L227","void changePosition()","com.lgvalle.material_animations.AnimationsActivity1.changePosition()V","L150","L103","D:\PR_assignment_src\Material-Animations\app\src\main\java\com\lgvalle\material_animations\AnimationsActivity1.java","83","5","94","6","0","0","0","0","0","0","0","0","2","1","1","1","0","0","0","0","0","0","11","12","7","0","11","12","7","0","0","2","0","0","0","0","0","0","0","0","0","0","0","2","0","0","0","0","0","0","0","0","0","0","0","0"
"L288","void onCreate(Bundle savedInstanceState)","com.lgvalle.material_animations.AnimationsActivity2.onCreate(Landroid/os/Bundle;)V","L237","L103","D:\PR_assignment_src\Material-Animations\app\src\main\java\com\lgvalle\material_animations\AnimationsActivity2.java","28","5","35","6","0","0","0","0","0","0","0","0","1","0","0","0","4","0","0","0","0","0","8","8","5","1","8","8","5","0","0","2","0","0","0","0","0","0","0","0","0","0","0","2","0","0","0","0","0","0","0","0","0","0","0","0"
"L290","void bindData()","com.lgvalle.material_animations.AnimationsActivity2.bindData()V","L237","L103","D:\PR_assignment_src\Material-Animations\app\src\main\java\com\lgvalle\material_animations\AnimationsActivity2.java","37","5","42","6","0","0","0","0","0","0","0","0","1","0","0","1","0","0","0","0","0","0","6","6","3","0","6","6","3","0","0","2","0","0","0","0","0","0","0","0","0","0","0","2","0","0","0","0","0","0","0","0","0","0","0","0"
"L294","void setupWindowAnimations()","com.lgvalle.material_animations.AnimationsActivity2.setupWindowAnimations()V","L237","L103","D:\PR_assignment_src\Material-Animations\app\src\main\java\com\lgvalle\material_animations\AnimationsActivity2.java","44","5","70","6","0.25","2","2","2","0.555556","0.521739","15","12","1","0","0","1","0","0","0","0","0","0","6","6","2","0","23","27","4","0","0","47","0","0","0","0","0","31","0","0","0","0","0","15","0","0","0","0","0","0","0","0","0","0","0","0"
"L292","void setupLayout()","com.lgvalle.material_animations.AnimationsActivity2.setupLayout()V","L237","L103","D:\PR_assignment_src\Material-Animations\app\src\main\java\com\lgvalle\material_animations\AnimationsActivity2.java","72","5","144","6","0","0","0","0","0","0","0","0","1","0","0","1","0","0","0","0","0","0","29","36","21","0","65","73","34","0","0","32","0","0","0","0","0","0","0","0","0","0","0","32","0","0","0","0","0","0","0","0","0","0","0","0"
"L195","void setupToolbar()","com.lgvalle.material_animations.BaseDetailActivity.setupToolbar()V","L151","L103","D:\PR_assignment_src\Material-Animations\app\src\main\java\com\lgvalle\material_animations\BaseDetailActivity.java","19","5","24","6","0","0","0","0","0","0","0","0","1","0","0","7","0","0","0","0","0","0","6","6","4","0","6","6","4","0","0","2","0","0","0","0","0","0","0","0","0","0","0","2","0","0","0","0","0","0","0","0","0","0","0","0"
"L372","boolean onSupportNavigateUp()","com.lgvalle.material_animations.BaseDetailActivity.onSupportNavigateUp()Z","L151","L103","D:\PR_assignment_src\Material-Animations\app\src\main\java\com\lgvalle\material_animations\BaseDetailActivity.java","26","5","30","6","0","0","0","0","0","0","0","0","1","0","0","0","0","0","0","0","0","0","5","5","2","0","5","5","2","0","0","2","0","0","0","0","0","0","0","0","0","0","0","2","0","0","0","0","0","0","0","0","0","0","0","0"
"L242","void transitionTo(Intent i)","com.lgvalle.material_animations.BaseDetailActivity.transitionTo(Landroid/content/Intent;)V","L151","L103","D:\PR_assignment_src\Material-Animations\app\src\main\java\com\lgvalle\material_animations\BaseDetailActivity.java","32","5","36","6","0","0","0","0","0","0","0","0","1","0","0","5","0","0","0","0","0","0","5","5","3","1","5","5","3","0","0","2","0","0","0","0","0","0","0","0","0","0","0","2","0","0","0","0","0","0","0","0","0","0","0","0"
"L390","void onCreate(Bundle savedInstanceState)","com.lgvalle.material_animations.MainActivity.onCreate(Landroid/os/Bundle;)V","L384","L103","D:\PR_assignment_src\Material-Animations\app\src\main\java\com\lgvalle\material_animations\MainActivity.java","18","5","26","6","0","0","0","0","0","0","0","0","1","0","0","0","4","0","0","0","0","0","9","9","6","1","9","9","6","0","0","2","0","0","0","0","0","0","0","0","0","0","0","2","0","0","0","0","0","0","0","0","0","0","0","0"
"L392","void setupWindowAnimations()","com.lgvalle.material_animations.MainActivity.setupWindowAnimations()V","L384","L103","D:\PR_assignment_src\Material-Animations\app\src\main\java\com\lgvalle\material_animations\MainActivity.java","28","5","35","6","0","0","0","0","0","0","0","0","1","0","0","1","0","0.125","1","0","0.125","1","7","8","5","0","7","8","5","0","0","2","0","0","0","0","0","0","0","0","0","0","0","2","0","0","0","0","0","0","0","0","0","0","0","0"
"L394","void setupSamples()","com.lgvalle.material_animations.MainActivity.setupSamples()V","L384","L103","D:\PR_assignment_src\Material-Animations\app\src\main\java\com\lgvalle\material_animations\MainActivity.java","37","5","44","6","0","0","0","0","0","0","0","0","1","0","0","1","1","0","0","0","0","0","8","8","1","0","8","8","1","0","0","2","0","0","0","0","0","0","0","0","0","0","0","2","0","0","0","0","0","0","0","0","0","0","0","0"
"L396","void setupToolbar()","com.lgvalle.material_animations.MainActivity.setupToolbar()V","L384","L103","D:\PR_assignment_src\Material-Animations\app\src\main\java\com\lgvalle\material_animations\MainActivity.java","46","5","50","6","0","0","0","0","0","0","0","0","1","0","0","1","0","0","0","0","0","0","5","5","3","0","5","5","3","0","0","2","0","0","0","0","0","0","0","0","0","0","0","2","0","0","0","0","0","0","0","0","0","0","0","0"
"L398","void setupLayout()","com.lgvalle.material_animations.MainActivity.setupLayout()V","L384","L103","D:\PR_assignment_src\Material-Animations\app\src\main\java\com\lgvalle\material_animations\MainActivity.java","52","5","58","6","0","0","0","0","0","0","0","0","1","0","0","1","0","0","0","0","0","0","7","7","5","0","7","7","5","0","0","2","0","0","0","0","0","0","0","0","0","0","0","2","0","0","0","0","0","0","0","0","0","0","0","0"
"L428","void onCreate(Bundle savedInstanceState)","com.lgvalle.material_animations.RevealActivity.onCreate(Landroid/os/Bundle;)V","L408","L103","D:\PR_assignment_src\Material-Animations\app\src\main\java\com\lgvalle\material_animations\RevealActivity.java","36","5","43","6","0","0","0","0","0","0","0","0","1","0","0","0","4","0","0","0","0","0","8","8","5","1","8","8","5","0","0","2","0","0","0","0","0","0","0","0","0","0","0","2","0","0","0","0","0","0","0","0","0","0","0","0"
"L430","void bindData()","com.lgvalle.material_animations.RevealActivity.bindData()V","L408","L103","D:\PR_assignment_src\Material-Animations\app\src\main\java\com\lgvalle\material_animations\RevealActivity.java","45","5","49","6","0","0","0","0","0","0","0","0","1","0","0","1","0","0","0","0","0","0","5","5","3","0","5","5","3","0","0","2","0","0","0","0","0","0","0","0","0","0","0","2","0","0","0","0","0","0","0","0","0","0","0","0"
"L432","void setupWindowAnimations()","com.lgvalle.material_animations.RevealActivity.setupWindowAnimations()V","L408","L103","D:\PR_assignment_src\Material-Animations\app\src\main\java\com\lgvalle\material_animations\RevealActivity.java","51","5","55","6","0","0","0","0","0","0","0","0","1","0","0","1","2","0","0","0","0","0","5","5","3","0","5","5","3","0","0","2","0","0","0","0","0","0","0","0","0","0","0","2","0","0","0","0","0","0","0","0","0","0","0","0"
"L437","void setupEnterAnimations()","com.lgvalle.material_animations.RevealActivity.setupEnterAnimations()V","L408","L103","D:\PR_assignment_src\Material-Animations\app\src\main\java\com\lgvalle\material_animations\RevealActivity.java","57","5","86","6","0.189873","1","1","1","0.366667","0.36","11","9","1","0","0","1","0","0","0","0","0.0384615","1","6","6","3","0","25","30","7","0","0","41","0","0","0","0","0","25","0","0","0","0","0","15","0","0","0","0","0","0","0","0","0","0","0","0"
"L439","void setupExitAnimations()","com.lgvalle.material_animations.RevealActivity.setupExitAnimations()V","L408","L103","D:\PR_assignment_src\Material-Animations\app\src\main\java\com\lgvalle\material_animations\RevealActivity.java","88","5","117","6","0.210526","2","2","2","0.5","0.461538","15","12","1","0","0","1","0","0","0","0","0","0","8","8","5","0","26","30","8","0","0","47","0","0","0","0","0","31","0","0","0","0","0","15","0","0","0","0","0","0","0","0","0","0","0","0"
"L434","void setupLayout()","com.lgvalle.material_animations.RevealActivity.setupLayout()V","L408","L103","D:\PR_assignment_src\Material-Animations\app\src\main\java\com\lgvalle\material_animations\RevealActivity.java","119","5","145","6","0","0","0","0","0","0","0","0","1","0","0","1","0","0","0","0","0","0","15","15","10","0","27","27","13","0","0","17","0","0","0","0","0","0","0","0","0","0","0","17","0","0","0","0","0","0","0","0","0","0","0","0"
"L496","void revealBlue()","com.lgvalle.material_animations.RevealActivity.revealBlue()V","L408","L103","D:\PR_assignment_src\Material-Animations\app\src\main\java\com\lgvalle\material_animations\RevealActivity.java","147","5","158","6","0","0","0","0","0","0","0","0","1","0","0","1","2","0","0","0","0","0","8","8","5","0","12","12","6","0","0","7","0","0","0","0","0","0","0","0","0","0","0","7","0","0","0","0","0","0","0","0","0","0","0","0"
"L489","void revealRed()","com.lgvalle.material_animations.RevealActivity.revealRed()V","L408","L103","D:\PR_assignment_src\Material-Animations\app\src\main\java\com\lgvalle\material_animations\RevealActivity.java","160","5","194","6","0.103448","1","1","1","0.371429","0.310345","13","9","1","0","0","1","0","0","0","0","0","0","10","10","7","0","29","35","11","0","0","40","0","0","0","0","0","24","0","0","0","0","0","15","0","0","0","0","0","0","0","0","0","0","0","0"
"L545","void revealYellow(float x, float y)","com.lgvalle.material_animations.RevealActivity.revealYellow(FF)V","L408","L103","D:\PR_assignment_src\Material-Animations\app\src\main\java\com\lgvalle\material_animations\RevealActivity.java","196","5","200","6","0","0","0","0","0","0","0","0","1","0","0","1","1","0","0","0","0","0","5","5","3","2","5","5","3","0","0","2","0","0","0","0","0","0","0","0","0","0","0","2","0","0","0","0","0","0","0","0","0","0","0","0"
"L481","void revealGreen()","com.lgvalle.material_animations.RevealActivity.revealGreen()V","L408","L103","D:\PR_assignment_src\Material-Animations\app\src\main\java\com\lgvalle\material_animations\RevealActivity.java","202","5","206","6","0","0","0","0","0","0","0","0","1","0","0","1","1","0","0","0","0","0","5","5","3","0","5","5","3","0","0","2","0","0","0","0","0","0","0","0","0","0","0","2","0","0","0","0","0","0","0","0","0","0","0","0"
"L446","void hideTarget()","com.lgvalle.material_animations.RevealActivity.hideTarget()V","L408","L103","D:\PR_assignment_src\Material-Animations\app\src\main\java\com\lgvalle\material_animations\RevealActivity.java","208","5","210","6","0","0","0","0","0","0","0","0","1","0","0","1","0","0","0","0","0","0","3","3","1","0","3","3","1","0","0","2","0","0","0","0","0","0","0","0","0","0","0","2","0","0","0","0","0","0","0","0","0","0","0","0"
"L451","void animateButtonsIn()","com.lgvalle.material_animations.RevealActivity.animateButtonsIn()V","L408","L103","D:\PR_assignment_src\Material-Animations\app\src\main\java\com\lgvalle\material_animations\RevealActivity.java","212","5","222","6","0","0","0","0","0","0","0","0","2","1","1","2","0","0","0","0","0","0","11","11","5","0","11","11","5","0","0","2","0","0","0","0","0","0","0","0","0","0","0","2","0","0","0","0","0","0","0","0","0","0","0","0"
"L462","void animateButtonsOut()","com.lgvalle.material_animations.RevealActivity.animateButtonsOut()V","L408","L103","D:\PR_assignment_src\Material-Animations\app\src\main\java\com\lgvalle\material_animations\RevealActivity.java","224","5","234","6","0","0","0","0","0","0","0","0","2","1","1","2","0","0","0","0","0","0","11","11","5","0","11","11","5","0","0","2","0","0","0","0","0","0","0","0","0","0","0","2","0","0","0","0","0","0","0","0","0","0","0","0"
"L562","boolean onTouch(View view, MotionEvent motionEvent)","com.lgvalle.material_animations.RevealActivity.onTouch(Landroid/view/View;Landroid/view/MotionEvent;)Z","L408","L103","D:\PR_assignment_src\Material-Animations\app\src\main\java\com\lgvalle\material_animations\RevealActivity.java","236","5","244","6","0","0","0","0","0","0","0","0","3","2","2","0","1","0","0","0","0","0","9","9","4","2","9","9","4","0","0","2","0","0","0","0","0","0","0","0","0","0","0","2","0","0","0","0","0","0","0","0","0","0","0","0"
"L448","void animateRevealShow(View viewRoot)","com.lgvalle.material_animations.RevealActivity.animateRevealShow(Landroid/view/View;)V","L408","L103","D:\PR_assignment_src\Material-Animations\app\src\main\java\com\lgvalle\material_animations\RevealActivity.java","246","5","256","6","0","0","0","0","0","0","0","0","1","0","0","1","0","0","0","0","0","0","10","11","8","1","10","11","8","0","0","2","0","0","0","0","0","0","0","0","0","0","0","2","0","0","0","0","0","0","0","0","0","0","0","0"
"L526","void animateRevealColor(ViewGroup viewRoot, int color)","com.lgvalle.material_animations.RevealActivity.animateRevealColor(Landroid/view/ViewGroup;I)V","L408","L103","D:\PR_assignment_src\Material-Animations\app\src\main\java\com\lgvalle\material_animations\RevealActivity.java","258","5","262","6","0","0","0","0","0","0","0","0","1","0","0","2","1","0","0","0","0","0","5","5","3","2","5","5","3","0","0","2","0","0","0","0","0","0","0","0","0","0","0","2","0","0","0","0","0","0","0","0","0","0","0","0"
"L501","Animator animateRevealColorFromCoordinates(ViewGroup viewRoot, int color, int x, int y)","com.lgvalle.material_animations.RevealActivity.animateRevealColorFromCoordinates(Landroid/view/ViewGroup;III)Landroid/animation/Animator;","L408","L103","D:\PR_assignment_src\Material-Animations\app\src\main\java\com\lgvalle\material_animations\RevealActivity.java","264","5","273","6","0","0","0","0","0","0","0","0","1","0","0","3","0","0","0","0","0","0","9","10","7","4","9","10","7","0","0","2","0","0","0","0","0","0","0","0","0","0","0","2","0","0","0","0","0","0","0","0","0","0","0","0"
"L464","void animateRevealHide(View viewRoot)","com.lgvalle.material_animations.RevealActivity.animateRevealHide(Landroid/view/View;)V","L408","L103","D:\PR_assignment_src\Material-Animations\app\src\main\java\com\lgvalle\material_animations\RevealActivity.java","275","5","290","6","0","0","0","0","0","0","0","0","1","0","0","1","0","0","0","0","0","0","10","11","7","1","15","16","9","0","0","7","0","0","0","0","0","0","0","0","0","0","0","7","0","0","0","0","0","0","0","0","0","0","0","0"
"L403","Sample(int color, String name)","com.lgvalle.material_animations.Sample.<init>(ILjava/lang/String;)V","L175","L103","D:\PR_assignment_src\Material-Animations\app\src\main\java\com\lgvalle\material_animations\Sample.java","18","5","21","6","0","0","0","0","0","0","0","0","1","0","0","1","0","0","0","0","0","0","4","4","2","2","4","4","2","0","0","2","0","0","0","0","0","0","0","0","0","0","0","2","0","0","0","0","0","0","0","0","0","0","0","0"
"L642","void setColorTint(ImageView view, int color)","com.lgvalle.material_animations.Sample.setColorTint(Landroid/widget/ImageView;I)V","L175","L103","D:\PR_assignment_src\Material-Animations\app\src\main\java\com\lgvalle\material_animations\Sample.java","23","5","27","6","0","0","0","0","0","0","0","0","1","0","0","0","0","0.2","1","0","0.2","1","4","5","1","2","4","5","1","0","0","2","0","0","0","0","0","0","0","0","0","0","0","2","0","0","0","0","0","0","0","0","0","0","0","0"
"L647","String getName()","com.lgvalle.material_animations.Sample.getName()Ljava/lang/String;","L175","L103","D:\PR_assignment_src\Material-Animations\app\src\main\java\com\lgvalle\material_animations\Sample.java","29","5","31","6","0","0","0","0","0","0","0","0","1","0","0","0","0","0","0","0","0","0","3","3","1","0","3","3","1","0","0","2","0","0","0","0","0","0","0","0","0","0","0","2","0","0","0","0","0","0","0","0","0","0","0","0"
"L648","int getColor()","com.lgvalle.material_animations.Sample.getColor()I","L175","L103","D:\PR_assignment_src\Material-Animations\app\src\main\java\com\lgvalle\material_animations\Sample.java","33","5","35","6","0","0","0","0","0","0","0","0","1","0","0","0","0","0","0","0","0","0","3","3","1","0","3","3","1","0","0","2","0","0","0","0","0","0","0","0","0","0","0","2","0","0","0","0","0","0","0","0","0","0","0","0"
"L654","SamplesRecyclerAdapter(Activity activity, List<Sample> samples)","com.lgvalle.material_animations.SamplesRecyclerAdapter.<init>(Landroid/app/Activity;Ljava/util/List;)V","L405","L103","D:\PR_assignment_src\Material-Animations\app\src\main\java\com\lgvalle\material_animations\SamplesRecyclerAdapter.java","21","5","24","6","0","0","0","0","0","0","0","0","1","0","0","0","0","0","0","0","0","0","4","4","2","2","4","4","2","0","0","2","0","0","0","0","0","0","0","0","0","0","0","2","0","0","0","0","0","0","0","0","0","0","0","0"
"L659","SamplesViewHolder onCreateViewHolder(ViewGroup parent, int position)","com.lgvalle.material_animations.SamplesRecyclerAdapter.onCreateViewHolder(Landroid/view/ViewGroup;I)Lcom/lgvalle/material_animations/SamplesRecyclerAdapter$SamplesViewHolder;","L405","L103","D:\PR_assignment_src\Material-Animations\app\src\main\java\com\lgvalle\material_animations\SamplesRecyclerAdapter.java","26","5","30","6","0","0","0","0","0","0","0","0","1","0","0","0","1","0","0","0","0","0","5","5","2","2","5","5","2","0","0","2","0","0","0","0","0","0","0","0","0","0","0","2","0","0","0","0","0","0","0","0","0","0","0","0"
"L671","void onBindViewHolder(SamplesViewHolder viewHolder, int position)","com.lgvalle.material_animations.SamplesRecyclerAdapter.onBindViewHolder(Lcom/lgvalle/material_animations/SamplesRecyclerAdapter$SamplesViewHolder;I)V","L405","L103","D:\PR_assignment_src\Material-Animations\app\src\main\java\com\lgvalle\material_animations\SamplesRecyclerAdapter.java","32","5","55","6","0","0","0","0","0","0","0","0","1","0","0","0","0","0","0","0","0","0","7","7","3","2","24","24","12","0","0","7","0","0","0","0","0","0","0","0","0","0","0","7","0","0","0","0","0","0","0","0","0","0","0","0"
"L681","void transitionToActivity(Class target, Sample sample)","com.lgvalle.material_animations.SamplesRecyclerAdapter.transitionToActivity(Ljava/lang/Class;Lcom/lgvalle/material_animations/Sample;)V","L405","L103","D:\PR_assignment_src\Material-Animations\app\src\main\java\com\lgvalle\material_animations\SamplesRecyclerAdapter.java","57","5","60","6","0","0","0","0","0","0","0","0","1","0","0","1","2","0","0","0","0","0","4","4","2","2","4","4","2","0","0","2","0","0","0","0","0","0","0","0","0","0","0","2","0","0","0","0","0","0","0","0","0","0","0","0"
"L693","void transitionToActivity(Class target, SamplesViewHolder viewHolder, Sample sample, int transitionName)","com.lgvalle.material_animations.SamplesRecyclerAdapter.transitionToActivity(Ljava/lang/Class;Lcom/lgvalle/material_animations/SamplesRecyclerAdapter$SamplesViewHolder;Lcom/lgvalle/material_animations/Sample;I)V","L405","L103","D:\PR_assignment_src\Material-Animations\app\src\main\java\com\lgvalle\material_animations\SamplesRecyclerAdapter.java","63","5","67","6","0","0","0","0","0","0","0","0","1","0","0","1","2","0","0","0","0","0","5","5","2","4","5","5","2","0","0","2","0","0","0","0","0","0","0","0","0","0","0","2","0","0","0","0","0","0","0","0","0","0","0","0"
"L686","void transitionToActivity(Class target, SamplesViewHolder viewHolder, Sample sample)","com.lgvalle.material_animations.SamplesRecyclerAdapter.transitionToActivity(Ljava/lang/Class;Lcom/lgvalle/material_animations/SamplesRecyclerAdapter$SamplesViewHolder;Lcom/lgvalle/material_animations/Sample;)V","L405","L103","D:\PR_assignment_src\Material-Animations\app\src\main\java\com\lgvalle\material_animations\SamplesRecyclerAdapter.java","69","5","74","6","0","0","0","0","0","0","0","0","1","0","0","1","2","0","0","0","0","0","6","6","2","3","6","6","2","0","0","2","0","0","0","0","0","0","0","0","0","0","0","2","0","0","0","0","0","0","0","0","0","0","0","0"
"L704","void startActivity(Class target, Pair<View, String>[] pairs, Sample sample)","com.lgvalle.material_animations.SamplesRecyclerAdapter.startActivity(LClass;[LPair;LSample;)V","L405","L103","D:\PR_assignment_src\Material-Animations\app\src\main\java\com\lgvalle\material_animations\SamplesRecyclerAdapter.java","76","5","81","6","0","0","0","0","0","0","0","0","1","0","0","3","0","0","0","0","0","0","6","6","4","3","6","6","4","0","0","2","0","0","0","0","0","0","0","0","0","0","0","2","0","0","0","0","0","0","0","0","0","0","0","0"
"L722","int getItemCount()","com.lgvalle.material_animations.SamplesRecyclerAdapter.getItemCount()I","L405","L103","D:\PR_assignment_src\Material-Animations\app\src\main\java\com\lgvalle\material_animations\SamplesRecyclerAdapter.java","83","5","86","6","0","0","0","0","0","0","0","0","1","0","0","0","0","0","0","0","0","0","4","4","1","0","4","4","1","0","0","2","0","0","0","0","0","0","0","0","0","0","0","2","0","0","0","0","0","0","0","0","0","0","0","0"
"L725","void onCreate(Bundle savedInstanceState)","com.lgvalle.material_animations.SharedElementActivity.onCreate(Landroid/os/Bundle;)V","L688","L103","D:\PR_assignment_src\Material-Animations\app\src\main\java\com\lgvalle\material_animations\SharedElementActivity.java","14","5","22","6","0","0","0","0","0","0","0","0","1","0","0","0","4","0","0","0","0","0","9","9","6","1","9","9","6","0","0","2","0","0","0","0","0","0","0","0","0","0","0","2","0","0","0","0","0","0","0","0","0","0","0","0"
"L727","void bindData(Sample sample)","com.lgvalle.material_animations.SharedElementActivity.bindData(Lcom/lgvalle/material_animations/Sample;)V","L688","L103","D:\PR_assignment_src\Material-Animations\app\src\main\java\com\lgvalle\material_animations\SharedElementActivity.java","24","5","27","6","0","0","0","0","0","0","0","0","1","0","0","1","0","0","0","0","0","0","4","4","2","1","4","4","2","0","0","2","0","0","0","0","0","0","0","0","0","0","0","2","0","0","0","0","0","0","0","0","0","0","0","0"
"L729","void setupWindowAnimations()","com.lgvalle.material_animations.SharedElementActivity.setupWindowAnimations()V","L688","L103","D:\PR_assignment_src\Material-Animations\app\src\main\java\com\lgvalle\material_animations\SharedElementActivity.java","29","5","32","6","0","0","0","0","0","0","0","0","1","0","0","1","0","0.25","1","0","0.25","1","3","4","1","0","3","4","1","0","0","0","0","0","0","0","0","0","0","0","0","0","0","0","0","0","0","0","0","0","0","0","0","0","0","0"
"L731","void setupLayout(Sample sample)","com.lgvalle.material_animations.SharedElementActivity.setupLayout(Lcom/lgvalle/material_animations/Sample;)V","L688","L103","D:\PR_assignment_src\Material-Animations\app\src\main\java\com\lgvalle\material_animations\SharedElementActivity.java","34","5","47","6","0","0","0","0","0","0","0","0","1","0","0","1","1","0.153846","2","0","0.153846","2","11","14","7","1","11","14","7","0","0","2","0","0","0","0","0","0","0","0","0","0","0","2","0","0","0","0","0","0","0","0","0","0","0","0"
"L738","SharedElementFragment1 newInstance(Sample sample)","com.lgvalle.material_animations.SharedElementFragment1.newInstance(Lcom/lgvalle/material_animations/Sample;)Lcom/lgvalle/material_animations/SharedElementFragment1;","L735","L103","D:\PR_assignment_src\Material-Animations\app\src\main\java\com\lgvalle\material_animations\SharedElementFragment1.java","21","5","29","6","0","0","0","0","0","0","0","0","1","0","0","1","0","0","0","0","0","0","7","9","5","1","7","9","5","0","0","2","0","0","0","0","0","0","0","0","0","0","0","2","0","0","0","0","0","0","0","0","0","0","0","0"
"L757","View onCreateView(LayoutInflater inflater, ViewGroup container, Bundle savedInstanceState)","com.lgvalle.material_animations.SharedElementFragment1.onCreateView(Landroid/view/LayoutInflater;Landroid/view/ViewGroup;Landroid/os/Bundle;)Landroid/view/View;","L735","L103","D:\PR_assignment_src\Material-Animations\app\src\main\java\com\lgvalle\material_animations\SharedElementFragment1.java","31","5","54","6","0","0","0","0","0","0","0","0","1","0","0","0","0","0","0","0","0","0","12","16","7","3","20","24","9","0","0","12","0","0","0","0","0","0","0","0","0","0","0","12","0","0","0","0","0","0","0","0","0","0","0","0"
"L775","void addNextFragment(Sample sample, ImageView squareBlue, boolean overlap)","com.lgvalle.material_animations.SharedElementFragment1.addNextFragment(Lcom/lgvalle/material_animations/Sample;Landroid/widget/ImageView;Z)V","L735","L103","D:\PR_assignment_src\Material-Animations\app\src\main\java\com\lgvalle\material_animations\SharedElementFragment1.java","56","5","75","6","0","0","0","0","0","0","0","0","1","0","0","2","1","0","0","0","0","0","16","20","10","3","16","20","10","0","0","2","0","0","0","0","0","0","0","0","0","0","0","2","0","0","0","0","0","0","0","0","0","0","0","0"
"L788","SharedElementFragment2 newInstance(Sample sample)","com.lgvalle.material_animations.SharedElementFragment2.newInstance(Lcom/lgvalle/material_animations/Sample;)Lcom/lgvalle/material_animations/SharedElementFragment2;","L785","L103","D:\PR_assignment_src\Material-Animations\app\src\main\java\com\lgvalle\material_animations\SharedElementFragment2.java","14","5","20","6","0","0","0","0","0","0","0","0","1","0","0","1","0","0","0","0","0","0","7","7","5","1","7","7","5","0","0","2","0","0","0","0","0","0","0","0","0","0","0","2","0","0","0","0","0","0","0","0","0","0","0","0"
"L809","View onCreateView(LayoutInflater inflater, ViewGroup container, Bundle savedInstanceState)","com.lgvalle.material_animations.SharedElementFragment2.onCreateView(Landroid/view/LayoutInflater;Landroid/view/ViewGroup;Landroid/os/Bundle;)Landroid/view/View;","L785","L103","D:\PR_assignment_src\Material-Animations\app\src\main\java\com\lgvalle\material_animations\SharedElementFragment2.java","22","5","31","6","0","0","0","0","0","0","0","0","1","0","0","0","0","0","0","0","0","0","8","10","5","3","8","10","5","0","0","2","0","0","0","0","0","0","0","0","0","0","0","2","0","0","0","0","0","0","0","0","0","0","0","0"
"L817","void onCreate(Bundle savedInstanceState)","com.lgvalle.material_animations.TransitionActivity1.onCreate(Landroid/os/Bundle;)V","L683","L103","D:\PR_assignment_src\Material-Animations\app\src\main\java\com\lgvalle\material_animations\TransitionActivity1.java","16","5","23","6","0","0","0","0","0","0","0","0","1","0","0","0","4","0","0","0","0","0","8","8","5","1","8","8","5","0","0","2","0","0","0","0","0","0","0","0","0","0","0","2","0","0","0","0","0","0","0","0","0","0","0","0"
"L819","void bindData()","com.lgvalle.material_animations.TransitionActivity1.bindData()V","L683","L103","D:\PR_assignment_src\Material-Animations\app\src\main\java\com\lgvalle\material_animations\TransitionActivity1.java","25","5","29","6","0","0","0","0","0","0","0","0","1","0","0","1","0","0","0","0","0","0","5","5","3","0","5","5","3","0","0","2","0","0","0","0","0","0","0","0","0","0","0","2","0","0","0","0","0","0","0","0","0","0","0","0"
"L821","void setupWindowAnimations()","com.lgvalle.material_animations.TransitionActivity1.setupWindowAnimations()V","L683","L103","D:\PR_assignment_src\Material-Animations\app\src\main\java\com\lgvalle\material_animations\TransitionActivity1.java","31","5","34","6","0","0","0","0","0","0","0","0","1","0","0","1","1","0","0","0","0","0","4","4","2","0","4","4","2","0","0","2","0","0","0","0","0","0","0","0","0","0","0","2","0","0","0","0","0","0","0","0","0","0","0","0"
"L823","void setupLayout()","com.lgvalle.material_animations.TransitionActivity1.setupLayout()V","L683","L103","D:\PR_assignment_src\Material-Animations\app\src\main\java\com\lgvalle\material_animations\TransitionActivity1.java","37","5","97","6","0.75","1","2","2","0.622951","0.692308","38","36","1","0","0","1","0","0","0","0","0.0714286","4","14","18","6","0","52","61","26","0","0","75","0","0","0","0","0","47","0","0","0","0","0","28","0","0","0","0","0","0","0","0","0","0","0","0"
"L826","Visibility buildEnterTransition()","com.lgvalle.material_animations.TransitionActivity1.buildEnterTransition()LVisibility;","L683","L103","D:\PR_assignment_src\Material-Animations\app\src\main\java\com\lgvalle\material_animations\TransitionActivity1.java","99","5","105","6","0","0","0","0","0","0","0","0","1","0","0","1","0","0.142857","1","0","0.142857","1","6","7","4","0","6","7","4","0","0","2","0","0","0","0","0","0","0","0","0","0","0","2","0","0","0","0","0","0","0","0","0","0","0","0"
"L864","Visibility buildReturnTransition()","com.lgvalle.material_animations.TransitionActivity1.buildReturnTransition()LVisibility;","L683","L103","D:\PR_assignment_src\Material-Animations\app\src\main\java\com\lgvalle\material_animations\TransitionActivity1.java","107","5","111","6","0","0","0","0","0","0","0","0","1","0","0","1","0","0","0","0","0","0","5","5","3","0","5","5","3","0","0","2","0","0","0","0","0","0","0","0","0","0","0","2","0","0","0","0","0","0","0","0","0","0","0","0"
"L873","void onCreate(Bundle savedInstanceState)","com.lgvalle.material_animations.TransitionActivity2.onCreate(Landroid/os/Bundle;)V","L833","L103","D:\PR_assignment_src\Material-Animations\app\src\main\java\com\lgvalle\material_animations\TransitionActivity2.java","16","5","23","6","0","0","0","0","0","0","0","0","1","0","0","0","4","0","0","0","0","0","8","8","5","1","8","8","5","0","0","2","0","0","0","0","0","0","0","0","0","0","0","2","0","0","0","0","0","0","0","0","0","0","0","0"
"L875","void bindData()","com.lgvalle.material_animations.TransitionActivity2.bindData()V","L833","L103","D:\PR_assignment_src\Material-Animations\app\src\main\java\com\lgvalle\material_animations\TransitionActivity2.java","25","5","30","6","0","0","0","0","0","0","0","0","1","0","0","1","0","0","0","0","0","0","6","6","4","0","6","6","4","0","0","2","0","0","0","0","0","0","0","0","0","0","0","2","0","0","0","0","0","0","0","0","0","0","0","0"
"L877","void setupWindowAnimations()","com.lgvalle.material_animations.TransitionActivity2.setupWindowAnimations()V","L833","L103","D:\PR_assignment_src\Material-Animations\app\src\main\java\com\lgvalle\material_animations\TransitionActivity2.java","32","5","41","6","1","1","2","1","1","1","10","9","2","1","1","1","1","0","0","0","0","0","9","10","5","0","9","10","5","0","0","7","0","0","0","0","0","5","0","0","0","0","0","2","0","0","0","0","0","0","0","0","0","0","0","0"
"L879","void setupLayout()","com.lgvalle.material_animations.TransitionActivity2.setupLayout()V","L833","L103","D:\PR_assignment_src\Material-Animations\app\src\main\java\com\lgvalle\material_animations\TransitionActivity2.java","43","5","50","6","0","0","0","0","0","0","0","0","1","0","0","1","0","0","0","0","0","0","4","4","1","0","8","8","2","0","0","7","0","0","0","0","0","0","0","0","0","0","0","7","0","0","0","0","0","0","0","0","0","0","0","0"
"L882","Transition buildEnterTransition()","com.lgvalle.material_animations.TransitionActivity2.buildEnterTransition()LTransition;","L833","L103","D:\PR_assignment_src\Material-Animations\app\src\main\java\com\lgvalle\material_animations\TransitionActivity2.java","52","5","56","6","0","0","0","0","0","0","0","0","1","0","0","1","0","0","0","0","0","0","5","5","3","0","5","5","3","0","0","2","0","0","0","0","0","0","0","0","0","0","0","2","0","0","0","0","0","0","0","0","0","0","0","0"
"L891","void onCreate(Bundle savedInstanceState)","com.lgvalle.material_animations.TransitionActivity3.onCreate(Landroid/os/Bundle;)V","L851","L103","D:\PR_assignment_src\Material-Animations\app\src\main\java\com\lgvalle\material_animations\TransitionActivity3.java","18","5","25","6","0","0","0","0","0","0","0","0","1","0","0","0","4","0","0","0","0","0","8","8","5","1","8","8","5","0","0","2","0","0","0","0","0","0","0","0","0","0","0","2","0","0","0","0","0","0","0","0","0","0","0","0"
"L893","void bindData()","com.lgvalle.material_animations.TransitionActivity3.bindData()V","L851","L103","D:\PR_assignment_src\Material-Animations\app\src\main\java\com\lgvalle\material_animations\TransitionActivity3.java","27","5","32","6","0","0","0","0","0","0","0","0","1","0","0","1","0","0","0","0","0","0","6","6","4","0","6","6","4","0","0","2","0","0","0","0","0","0","0","0","0","0","0","2","0","0","0","0","0","0","0","0","0","0","0","0"
"L895","void setupWindowAnimations()","com.lgvalle.material_animations.TransitionActivity3.setupWindowAnimations()V","L851","L103","D:\PR_assignment_src\Material-Animations\app\src\main\java\com\lgvalle\material_animations\TransitionActivity3.java","34","5","43","6","1","1","2","1","1","1","10","9","2","1","1","1","1","0","0","0","0","0","9","10","5","0","9","10","5","0","0","7","0","0","0","0","0","5","0","0","0","0","0","2","0","0","0","0","0","0","0","0","0","0","0","0"
"L897","void setupLayout()","com.lgvalle.material_animations.TransitionActivity3.setupLayout()V","L851","L103","D:\PR_assignment_src\Material-Animations\app\src\main\java\com\lgvalle\material_animations\TransitionActivity3.java","45","5","52","6","0","0","0","0","0","0","0","0","1","0","0","1","0","0","0","0","0","0","4","4","1","0","8","8","2","0","0","7","0","0","0","0","0","0","0","0","0","0","0","7","0","0","0","0","0","0","0","0","0","0","0","0"
"L900","Visibility buildEnterTransition()","com.lgvalle.material_animations.TransitionActivity3.buildEnterTransition()LVisibility;","L851","L103","D:\PR_assignment_src\Material-Animations\app\src\main\java\com\lgvalle\material_animations\TransitionActivity3.java","54","5","59","6","0","0","0","0","0","0","0","0","1","0","0","1","0","0","0","0","0","0","6","6","4","0","6","6","4","0","0","2","0","0","0","0","0","0","0","0","0","0","0","2","0","0","0","0","0","0","0","0","0","0","0","0"
"L702","Pair<View, String>[] createSafeTransitionParticipants(Activity activity, boolean includeStatusBar, Pair[] otherParticipants)","com.lgvalle.material_animations.TransitionHelper.createSafeTransitionParticipants(LActivity;Z[LPair;)[LPair;","L907","L103","D:\PR_assignment_src\Material-Animations\app\src\main\java\com\lgvalle\material_animations\TransitionHelper.java","43","5","64","6","0","0","0","0","0","0","0","0","5","1","1","3","1","0.433333","13","9","0.433333","13","17","22","11","3","17","22","11","0","0","0","0","0","0","0","0","0","0","0","0","0","0","0","0","0","0","0","0","0","0","0","0","0","0","0"
"L923","void addNonNullViewToTransitionParticipants(View view, List<Pair> participants)","com.lgvalle.material_animations.TransitionHelper.addNonNullViewToTransitionParticipants(Landroid/view/View;Ljava/util/List;)V","L907","L103","D:\PR_assignment_src\Material-Animations\app\src\main\java\com\lgvalle\material_animations\TransitionHelper.java","66","5","71","6","0","0","0","0","0","0","0","0","2","1","1","1","0","0","0","0","0","0","6","6","3","2","6","6","3","0","0","2","0","0","0","0","0","0","0","0","0","0","0","2","0","0","0","0","0","0","0","0","0","0","0","0"
"L669","SamplesViewHolder(View rootView)","com.lgvalle.material_animations.SamplesRecyclerAdapter$SamplesViewHolder.<init>(Landroid/view/View;)V","L660","L103","D:\PR_assignment_src\Material-Animations\app\src\main\java\com\lgvalle\material_animations\SamplesRecyclerAdapter.java","92","9","96","10","0","0","0","0","0","0","0","0","1","0","0","1","0","0","0","0","0","0","4","5","2","1","4","5","2","0","0","2","0","0","0","0","0","0","0","0","0","0","0","2","0","0","0","0","0","0","0","0","0","0","0","0"
"L218","void onClick(View v)","com.lgvalle.material_animations.AnimationsActivity1$1.onClick(Landroid/view/View;)V","L212","L103","D:\PR_assignment_src\Material-Animations\app\src\main\java\com\lgvalle\material_animations\AnimationsActivity1.java","47","13","50","14","0","0","0","0","0","0","0","0","1","0","0","0","1","0","0","0","0","0","4","4","1","1","4","4","1","0","0","2","0","0","0","0","0","0","0","0","0","0","0","2","0","0","0","0","0","0","0","0","0","0","0","0"
"L225","void onClick(View v)","com.lgvalle.material_animations.AnimationsActivity1$2.onClick(Landroid/view/View;)V","L224","L103","D:\PR_assignment_src\Material-Animations\app\src\main\java\com\lgvalle\material_animations\AnimationsActivity1.java","53","13","56","14","0","0","0","0","0","0","0","0","1","0","0","0","1","0","0","0","0","0","4","4","1","1","4","4","1","0","0","2","0","0","0","0","0","0","0","0","0","0","0","2","0","0","0","0","0","0","0","0","0","0","0","0"
"L232","void onClick(View v)","com.lgvalle.material_animations.AnimationsActivity1$3.onClick(Landroid/view/View;)V","L231","L103","D:\PR_assignment_src\Material-Animations\app\src\main\java\com\lgvalle\material_animations\AnimationsActivity1.java","60","13","65","14","0","0","0","0","0","0","0","0","1","0","0","0","1","0","0","0","0","0","6","6","3","1","6","6","3","0","0","2","0","0","0","0","0","0","0","0","0","0","0","2","0","0","0","0","0","0","0","0","0","0","0","0"
"L297","void onTransitionStart(Transition transition)","com.lgvalle.material_animations.AnimationsActivity2$1.onTransitionStart(LTransition;)V","L296","L103","D:\PR_assignment_src\Material-Animations\app\src\main\java\com\lgvalle\material_animations\AnimationsActivity2.java","48","13","50","14","1","2","2","2","1","1","3","3","1","0","0","0","0","0","0","0","0","0","3","3","0","1","3","3","0","0","0","7","0","0","0","0","0","5","0","0","0","0","0","2","0","0","0","0","0","0","0","0","0","0","0","0"
"L299","void onTransitionCancel(Transition transition)","com.lgvalle.material_animations.AnimationsActivity2$1.onTransitionCancel(LTransition;)V","L296","L103","D:\PR_assignment_src\Material-Animations\app\src\main\java\com\lgvalle\material_animations\AnimationsActivity2.java","52","13","54","14","1","2","2","2","1","1","3","3","1","0","0","0","0","0","0","0","0","0","3","3","0","1","3","3","0","0","0","7","0","0","0","0","0","5","0","0","0","0","0","2","0","0","0","0","0","0","0","0","0","0","0","0"
"L301","void onTransitionPause(Transition transition)","com.lgvalle.material_animations.AnimationsActivity2$1.onTransitionPause(LTransition;)V","L296","L103","D:\PR_assignment_src\Material-Animations\app\src\main\java\com\lgvalle\material_animations\AnimationsActivity2.java","56","13","58","14","1","2","2","2","1","1","3","3","1","0","0","0","0","0","0","0","0","0","3","3","0","1","3","3","0","0","0","7","0","0","0","0","0","5","0","0","0","0","0","2","0","0","0","0","0","0","0","0","0","0","0","0"
"L303","void onTransitionResume(Transition transition)","com.lgvalle.material_animations.AnimationsActivity2$1.onTransitionResume(LTransition;)V","L296","L103","D:\PR_assignment_src\Material-Animations\app\src\main\java\com\lgvalle\material_animations\AnimationsActivity2.java","60","13","62","14","1","1","1","1","1","1","3","3","1","0","0","0","0","0","0","0","0","0","3","3","0","1","3","3","0","0","0","7","0","0","0","0","0","5","0","0","0","0","0","2","0","0","0","0","0","0","0","0","0","0","0","0"
"L305","void onTransitionEnd(Transition transition)","com.lgvalle.material_animations.AnimationsActivity2$1.onTransitionEnd(LTransition;)V","L296","L103","D:\PR_assignment_src\Material-Animations\app\src\main\java\com\lgvalle\material_animations\AnimationsActivity2.java","64","13","68","14","0","0","0","0","0","0","0","0","1","0","0","0","0","0","0","0","0","0","5","5","2","1","5","5","2","0","0","2","0","0","0","0","0","0","0","0","0","0","0","2","0","0","0","0","0","0","0","0","0","0","0","0"
"L314","void run()","com.lgvalle.material_animations.AnimationsActivity2$2.run()V","L313","L103","D:\PR_assignment_src\Material-Animations\app\src\main\java\com\lgvalle\material_animations\AnimationsActivity2.java","78","13","88","14","0","0","0","0","0","0","0","0","2","1","1","0","0","0","0","0","0","0","10","11","5","0","10","11","5","0","0","2","0","0","0","0","0","0","0","0","0","0","0","2","0","0","0","0","0","0","0","0","0","0","0","0"
"L332","void run()","com.lgvalle.material_animations.AnimationsActivity2$3.run()V","L331","L103","D:\PR_assignment_src\Material-Animations\app\src\main\java\com\lgvalle\material_animations\AnimationsActivity2.java","91","13","97","14","0","0","0","0","0","0","0","0","1","0","0","0","0","0","0","0","0","0","7","7","4","0","7","7","4","0","0","2","0","0","0","0","0","0","0","0","0","0","0","2","0","0","0","0","0","0","0","0","0","0","0","0"
"L346","void onClick(View v)","com.lgvalle.material_animations.AnimationsActivity2$4.onClick(Landroid/view/View;)V","L345","L103","D:\PR_assignment_src\Material-Animations\app\src\main\java\com\lgvalle\material_animations\AnimationsActivity2.java","108","13","111","14","0","0","0","0","0","0","0","0","1","0","0","0","0","0","0","0","0","0","4","4","1","1","4","4","1","0","0","2","0","0","0","0","0","0","0","0","0","0","0","2","0","0","0","0","0","0","0","0","0","0","0","0"
"L351","void onClick(View v)","com.lgvalle.material_animations.AnimationsActivity2$5.onClick(Landroid/view/View;)V","L350","L103","D:\PR_assignment_src\Material-Animations\app\src\main\java\com\lgvalle\material_animations\AnimationsActivity2.java","115","13","119","14","0","0","0","0","0","0","0","0","1","0","0","0","0","0","0","0","0","0","5","5","1","1","5","5","1","0","0","2","0","0","0","0","0","0","0","0","0","0","0","2","0","0","0","0","0","0","0","0","0","0","0","0"
"L356","void onClick(View v)","com.lgvalle.material_animations.AnimationsActivity2$6.onClick(Landroid/view/View;)V","L355","L103","D:\PR_assignment_src\Material-Animations\app\src\main\java\com\lgvalle\material_animations\AnimationsActivity2.java","124","13","128","14","0","0","0","0","0","0","0","0","1","0","0","0","0","0","0","0","0","0","5","5","1","1","5","5","1","0","0","2","0","0","0","0","0","0","0","0","0","0","0","2","0","0","0","0","0","0","0","0","0","0","0","0"
"L361","void onClick(View v)","com.lgvalle.material_animations.AnimationsActivity2$7.onClick(Landroid/view/View;)V","L360","L103","D:\PR_assignment_src\Material-Animations\app\src\main\java\com\lgvalle\material_animations\AnimationsActivity2.java","133","13","137","14","0","0","0","0","0","0","0","0","1","0","0","0","0","0","0","0","0","0","5","5","1","1","5","5","1","0","0","2","0","0","0","0","0","0","0","0","0","0","0","2","0","0","0","0","0","0","0","0","0","0","0","0"
"L442","void onTransitionStart(Transition transition)","com.lgvalle.material_animations.RevealActivity$1.onTransitionStart(LTransition;)V","L441","L103","D:\PR_assignment_src\Material-Animations\app\src\main\java\com\lgvalle\material_animations\RevealActivity.java","61","13","63","14","0","0","0","0","0","0","0","0","1","0","0","0","0","0","0","0","0","0","3","3","0","1","3","3","0","0","0","2","0","0","0","0","0","0","0","0","0","0","0","2","0","0","0","0","0","0","0","0","0","0","0","0"
"L444","void onTransitionEnd(Transition transition)","com.lgvalle.material_animations.RevealActivity$1.onTransitionEnd(LTransition;)V","L441","L103","D:\PR_assignment_src\Material-Animations\app\src\main\java\com\lgvalle\material_animations\RevealActivity.java","65","13","72","14","0","0","0","0","0","0","0","0","1","0","0","0","3","0.125","1","0","0.125","1","7","8","4","1","7","8","4","0","0","2","0","0","0","0","0","0","0","0","0","0","0","2","0","0","0","0","0","0","0","0","0","0","0","0"
"L453","void onTransitionCancel(Transition transition)","com.lgvalle.material_animations.RevealActivity$1.onTransitionCancel(LTransition;)V","L441","L103","D:\PR_assignment_src\Material-Animations\app\src\main\java\com\lgvalle\material_animations\RevealActivity.java","74","13","76","14","1","1","1","1","1","1","3","3","1","0","0","0","0","0","0","0","0","0","3","3","0","1","3","3","0","0","0","7","0","0","0","0","0","5","0","0","0","0","0","2","0","0","0","0","0","0","0","0","0","0","0","0"
"L455","void onTransitionPause(Transition transition)","com.lgvalle.material_animations.RevealActivity$1.onTransitionPause(LTransition;)V","L441","L103","D:\PR_assignment_src\Material-Animations\app\src\main\java\com\lgvalle\material_animations\RevealActivity.java","78","13","80","14","1","1","1","1","1","1","3","3","1","0","0","0","0","0","0","0","0","0","3","3","0","1","3","3","0","0","0","7","0","0","0","0","0","5","0","0","0","0","0","2","0","0","0","0","0","0","0","0","0","0","0","0"
"L457","void onTransitionResume(Transition transition)","com.lgvalle.material_animations.RevealActivity$1.onTransitionResume(LTransition;)V","L441","L103","D:\PR_assignment_src\Material-Animations\app\src\main\java\com\lgvalle\material_animations\RevealActivity.java","82","13","84","14","1","1","1","1","1","1","3","3","1","0","0","0","0","0","0","0","0","0","3","3","0","1","3","3","0","0","0","7","0","0","0","0","0","5","0","0","0","0","0","2","0","0","0","0","0","0","0","0","0","0","0","0"
"L460","void onTransitionStart(Transition transition)","com.lgvalle.material_animations.RevealActivity$2.onTransitionStart(LTransition;)V","L459","L103","D:\PR_assignment_src\Material-Animations\app\src\main\java\com\lgvalle\material_animations\RevealActivity.java","94","13","99","14","0","0","0","0","0","0","0","0","1","0","0","0","2","0","0","0","0","0","6","6","3","1","6","6","3","0","0","2","0","0","0","0","0","0","0","0","0","0","0","2","0","0","0","0","0","0","0","0","0","0","0","0"
"L467","void onTransitionEnd(Transition transition)","com.lgvalle.material_animations.RevealActivity$2.onTransitionEnd(LTransition;)V","L459","L103","D:\PR_assignment_src\Material-Animations\app\src\main\java\com\lgvalle\material_animations\RevealActivity.java","101","13","103","14","1","2","2","2","1","1","3","3","1","0","0","0","0","0","0","0","0","0","3","3","0","1","3","3","0","0","0","7","0","0","0","0","0","5","0","0","0","0","0","2","0","0","0","0","0","0","0","0","0","0","0","0"
"L469","void onTransitionCancel(Transition transition)","com.lgvalle.material_animations.RevealActivity$2.onTransitionCancel(LTransition;)V","L459","L103","D:\PR_assignment_src\Material-Animations\app\src\main\java\com\lgvalle\material_animations\RevealActivity.java","105","13","107","14","1","2","2","2","1","1","3","3","1","0","0","0","0","0","0","0","0","0","3","3","0","1","3","3","0","0","0","7","0","0","0","0","0","5","0","0","0","0","0","2","0","0","0","0","0","0","0","0","0","0","0","0"
"L471","void onTransitionPause(Transition transition)","com.lgvalle.material_animations.RevealActivity$2.onTransitionPause(LTransition;)V","L459","L103","D:\PR_assignment_src\Material-Animations\app\src\main\java\com\lgvalle\material_animations\RevealActivity.java","109","13","111","14","1","2","2","2","1","1","3","3","1","0","0","0","0","0","0","0","0","0","3","3","0","1","3","3","0","0","0","7","0","0","0","0","0","5","0","0","0","0","0","2","0","0","0","0","0","0","0","0","0","0","0","0"
"L473","void onTransitionResume(Transition transition)","com.lgvalle.material_animations.RevealActivity$2.onTransitionResume(LTransition;)V","L459","L103","D:\PR_assignment_src\Material-Animations\app\src\main\java\com\lgvalle\material_animations\RevealActivity.java","113","13","115","14","1","1","1","1","1","1","3","3","1","0","0","0","0","0","0","0","0","0","3","3","0","1","3","3","0","0","0","7","0","0","0","0","0","5","0","0","0","0","0","2","0","0","0","0","0","0","0","0","0","0","0","0"
"L479","void onClick(View v)","com.lgvalle.material_animations.RevealActivity$3.onClick(Landroid/view/View;)V","L478","L103","D:\PR_assignment_src\Material-Animations\app\src\main\java\com\lgvalle\material_animations\RevealActivity.java","125","13","128","14","0","0","0","0","0","0","0","0","1","0","0","0","1","0","0","0","0","0","4","4","1","1","4","4","1","0","0","2","0","0","0","0","0","0","0","0","0","0","0","2","0","0","0","0","0","0","0","0","0","0","0","0"
"L487","void onClick(View v)","com.lgvalle.material_animations.RevealActivity$4.onClick(Landroid/view/View;)V","L486","L103","D:\PR_assignment_src\Material-Animations\app\src\main\java\com\lgvalle\material_animations\RevealActivity.java","132","13","135","14","0","0","0","0","0","0","0","0","1","0","0","0","1","0","0","0","0","0","4","4","1","1","4","4","1","0","0","2","0","0","0","0","0","0","0","0","0","0","0","2","0","0","0","0","0","0","0","0","0","0","0","0"
"L494","void onClick(View v)","com.lgvalle.material_animations.RevealActivity$5.onClick(Landroid/view/View;)V","L493","L103","D:\PR_assignment_src\Material-Animations\app\src\main\java\com\lgvalle\material_animations\RevealActivity.java","139","13","142","14","0","0","0","0","0","0","0","0","1","0","0","0","1","0","0","0","0","0","4","4","1","1","4","4","1","0","0","2","0","0","0","0","0","0","0","0","0","0","0","2","0","0","0","0","0","0","0","0","0","0","0","0"
"L515","void onAnimationEnd(Animator animation)","com.lgvalle.material_animations.RevealActivity$6.onAnimationEnd(Landroid/animation/Animator;)V","L512","L103","D:\PR_assignment_src\Material-Animations\app\src\main\java\com\lgvalle\material_animations\RevealActivity.java","151","13","154","14","0","0","0","0","0","0","0","0","1","0","0","0","1","0","0","0","0","0","4","4","1","1","4","4","1","0","0","2","0","0","0","0","0","0","0","0","0","0","0","2","0","0","0","0","0","0","0","0","0","0","0","0"
"L522","void onTransitionStart(Transition transition)","com.lgvalle.material_animations.RevealActivity$7.onTransitionStart(LTransition;)V","L521","L103","D:\PR_assignment_src\Material-Animations\app\src\main\java\com\lgvalle\material_animations\RevealActivity.java","164","13","166","14","0","0","0","0","0","0","0","0","1","0","0","0","0","0","0","0","0","0","3","3","0","1","3","3","0","0","0","2","0","0","0","0","0","0","0","0","0","0","0","2","0","0","0","0","0","0","0","0","0","0","0","0"
"L524","void onTransitionEnd(Transition transition)","com.lgvalle.material_animations.RevealActivity$7.onTransitionEnd(LTransition;)V","L521","L103","D:\PR_assignment_src\Material-Animations\app\src\main\java\com\lgvalle\material_animations\RevealActivity.java","168","13","174","14","0","0","0","0","0","0","0","0","1","0","0","0","1","0","0","0","0","0","7","7","4","1","7","7","4","0","0","2","0","0","0","0","0","0","0","0","0","0","0","2","0","0","0","0","0","0","0","0","0","0","0","0"
"L528","void onTransitionCancel(Transition transition)","com.lgvalle.material_animations.RevealActivity$7.onTransitionCancel(LTransition;)V","L521","L103","D:\PR_assignment_src\Material-Animations\app\src\main\java\com\lgvalle\material_animations\RevealActivity.java","176","13","178","14","1","1","1","1","1","1","3","3","1","0","0","0","0","0","0","0","0","0","3","3","0","1","3","3","0","0","0","7","0","0","0","0","0","5","0","0","0","0","0","2","0","0","0","0","0","0","0","0","0","0","0","0"
"L530","void onTransitionPause(Transition transition)","com.lgvalle.material_animations.RevealActivity$7.onTransitionPause(LTransition;)V","L521","L103","D:\PR_assignment_src\Material-Animations\app\src\main\java\com\lgvalle\material_animations\RevealActivity.java","180","13","183","14","1","1","1","1","1","1","4","3","1","0","0","0","0","0","0","0","0","0","3","4","0","1","3","4","0","0","0","7","0","0","0","0","0","5","0","0","0","0","0","2","0","0","0","0","0","0","0","0","0","0","0","0"
"L532","void onTransitionResume(Transition transition)","com.lgvalle.material_animations.RevealActivity$7.onTransitionResume(LTransition;)V","L521","L103","D:\PR_assignment_src\Material-Animations\app\src\main\java\com\lgvalle\material_animations\RevealActivity.java","185","13","188","14","1","1","1","1","1","1","4","3","1","0","0","0","0","0","0","0","0","0","3","4","0","1","3","4","0","0","0","7","0","0","0","0","0","5","0","0","0","0","0","2","0","0","0","0","0","0","0","0","0","0","0","0"
"L626","void onAnimationEnd(Animator animation)","com.lgvalle.material_animations.RevealActivity$8.onAnimationEnd(Landroid/animation/Animator;)V","L625","L103","D:\PR_assignment_src\Material-Animations\app\src\main\java\com\lgvalle\material_animations\RevealActivity.java","282","13","286","14","0","0","0","0","0","0","0","0","1","0","0","0","0","0","0","0","0","0","5","5","2","1","5","5","2","0","0","2","0","0","0","0","0","0","0","0","0","0","0","2","0","0","0","0","0","0","0","0","0","0","0","0"
"L679","void onClick(View v)","com.lgvalle.material_animations.SamplesRecyclerAdapter$1.onClick(Landroid/view/View;)V","L678","L103","D:\PR_assignment_src\Material-Animations\app\src\main\java\com\lgvalle\material_animations\SamplesRecyclerAdapter.java","37","13","53","14","0","0","0","0","0","0","0","0","5","1","1","0","3","0","0","0","0","0","17","17","9","1","17","17","9","0","0","2","0","0","0","0","0","0","0","0","0","0","0","2","0","0","0","0","0","0","0","0","0","0","0","0"
"L773","void onClick(View v)","com.lgvalle.material_animations.SharedElementFragment1$1.onClick(Landroid/view/View;)V","L772","L103","D:\PR_assignment_src\Material-Animations\app\src\main\java\com\lgvalle\material_animations\SharedElementFragment1.java","40","13","43","14","0","0","0","0","0","0","0","0","1","0","0","0","1","0","0","0","0","0","4","4","1","1","4","4","1","0","0","2","0","0","0","0","0","0","0","0","0","0","0","2","0","0","0","0","0","0","0","0","0","0","0","0"
"L780","void onClick(View v)","com.lgvalle.material_animations.SharedElementFragment1$2.onClick(Landroid/view/View;)V","L779","L103","D:\PR_assignment_src\Material-Animations\app\src\main\java\com\lgvalle\material_animations\SharedElementFragment1.java","47","13","50","14","0","0","0","0","0","0","0","0","1","0","0","0","1","0","0","0","0","0","4","4","1","1","4","4","1","0","0","2","0","0","0","0","0","0","0","0","0","0","0","2","0","0","0","0","0","0","0","0","0","0","0","0"
"L831","void onClick(View v)","com.lgvalle.material_animations.TransitionActivity1$1.onClick(Landroid/view/View;)V","L830","L103","D:\PR_assignment_src\Material-Animations\app\src\main\java\com\lgvalle\material_animations\TransitionActivity1.java","39","13","45","14","1","1","1","1","1","1","7","7","1","0","0","0","1","0","0","0","0","0","7","7","4","1","7","7","4","0","0","7","0","0","0","0","0","5","0","0","0","0","0","2","0","0","0","0","0","0","0","0","0","0","0","0"
"L843","void onClick(View v)","com.lgvalle.material_animations.TransitionActivity1$2.onClick(Landroid/view/View;)V","L842","L103","D:\PR_assignment_src\Material-Animations\app\src\main\java\com\lgvalle\material_animations\TransitionActivity1.java","49","13","55","14","1","1","1","1","1","1","7","7","1","0","0","0","1","0","0","0","0","0","7","7","4","1","7","7","4","0","0","7","0","0","0","0","0","5","0","0","0","0","0","2","0","0","0","0","0","0","0","0","0","0","0","0"
"L849","void onClick(View v)","com.lgvalle.material_animations.TransitionActivity1$3.onClick(Landroid/view/View;)V","L848","L103","D:\PR_assignment_src\Material-Animations\app\src\main\java\com\lgvalle\material_animations\TransitionActivity1.java","59","13","65","14","1","1","1","1","1","1","7","7","1","0","0","0","1","0","0","0","0","0","7","7","4","1","7","7","4","0","0","7","0","0","0","0","0","5","0","0","0","0","0","2","0","0","0","0","0","0","0","0","0","0","0","0"
"L857","void onClick(View v)","com.lgvalle.material_animations.TransitionActivity1$4.onClick(Landroid/view/View;)V","L856","L103","D:\PR_assignment_src\Material-Animations\app\src\main\java\com\lgvalle\material_animations\TransitionActivity1.java","69","13","75","14","1","1","1","1","1","1","7","7","1","0","0","0","1","0","0","0","0","0","7","7","4","1","7","7","4","0","0","7","0","0","0","0","0","5","0","0","0","0","0","2","0","0","0","0","0","0","0","0","0","0","0","0"
"L862","void onClick(View v)","com.lgvalle.material_animations.TransitionActivity1$5.onClick(Landroid/view/View;)V","L861","L103","D:\PR_assignment_src\Material-Animations\app\src\main\java\com\lgvalle\material_animations\TransitionActivity1.java","79","13","85","14","0","0","0","0","0","0","0","0","1","0","0","0","1","0","0","0","0","0","6","7","3","1","6","7","3","0","0","2","0","0","0","0","0","0","0","0","0","0","0","2","0","0","0","0","0","0","0","0","0","0","0","0"
"L869","void onClick(View v)","com.lgvalle.material_animations.TransitionActivity1$6.onClick(Landroid/view/View;)V","L868","L103","D:\PR_assignment_src\Material-Animations\app\src\main\java\com\lgvalle\material_animations\TransitionActivity1.java","88","13","95","14","0","0","0","0","0","0","0","0","1","0","0","0","0","0.5","4","0","0.5","4","4","8","1","1","4","8","1","0","0","0","0","0","0","0","0","0","0","0","0","0","0","0","0","0","0","0","0","0","0","0","0","0","0","0"
"L887","void onClick(View v)","com.lgvalle.material_animations.TransitionActivity2$1.onClick(Landroid/view/View;)V","L886","L103","D:\PR_assignment_src\Material-Animations\app\src\main\java\com\lgvalle\material_animations\TransitionActivity2.java","45","13","48","14","0","0","0","0","0","0","0","0","1","0","0","0","0","0","0","0","0","0","4","4","1","1","4","4","1","0","0","2","0","0","0","0","0","0","0","0","0","0","0","2","0","0","0","0","0","0","0","0","0","0","0","0"
"L905","void onClick(View v)","com.lgvalle.material_animations.TransitionActivity3$1.onClick(Landroid/view/View;)V","L904","L103","D:\PR_assignment_src\Material-Animations\app\src\main\java\com\lgvalle\material_animations\TransitionActivity3.java","47","13","50","14","0","0","0","0","0","0","0","0","1","0","0","0","0","0","0","0","0","0","4","4","1","1","4","4","1","0","0","2","0","0","0","0","0","0","0","0","0","0","0","2","0","0","0","0","0","0","0","0","0","0","0","0"
